,val_loss,val_accuracy,val_f1_score
config_1,0.001953125,0.001953125,0.001953125
config_2,0.001953125,0.001953125,0.001953125
config_3,0.001953125,0.001953125,0.001953125
